{
  "openapi": "3.0.0",
  "info": {
    "title": "Kattraan Full API",
    "version": "1.0.0",
    "description": "Full Swagger API documentation from frontend API usage"
  },
  "servers": [
    {
      "url": "http://localhost:5000"
    }
  ],
  "paths": {
    "/auth/register": {
      "post": {
        "summary": "POST /auth/register",
        "responses": {
          "200": {
            "description": "Success",
            "content": {
              "application/json": {
                "schema": {
                  "type": "object",
                  "properties": {
                    "success": {
                      "type": "boolean"
                    },
                    "message": {
                      "type": "string"
                    }
                  }
                }
              }
            }
          },
          "400": {
            "description": "Bad Request"
          },
          "500": {
            "description": "Server Error"
          }
        },
        "requestBody": {
          "required": true,
          "content": {
            "application/json": {
              "schema": {
                "type": "object",
                "properties": {
                  "userName": {
                    "type": "string"
                  },
                  "userEmail": {
                    "type": "string",
                    "format": "email"
                  },
                  "password": {
                    "type": "string",
                    "format": "password"
                  }
                },
                "required": [
                  "userName",
                  "userEmail",
                  "password"
                ]
              }
            }
          }
        }
      }
    },
    "/auth/login": {
      "post": {
        "summary": "POST /auth/login",
        "responses": {
          "200": {
            "description": "Success",
            "content": {
              "application/json": {
                "schema": {
                  "type": "object",
                  "properties": {
                    "success": {
                      "type": "boolean"
                    },
                    "message": {
                      "type": "string"
                    }
                  }
                }
              }
            }
          },
          "400": {
            "description": "Bad Request"
          },
          "500": {
            "description": "Server Error"
          }
        },
        "requestBody": {
          "required": true,
          "content": {
            "application/json": {
              "schema": {
                "type": "object",
                "properties": {
                  "userEmail": {
                    "type": "string",
                    "format": "email"
                  },
                  "password": {
                    "type": "string",
                    "format": "password"
                  }
                },
                "required": [
                  "userEmail",
                  "password"
                ]
              }
            }
          }
        }
      }
    },
    "/auth/check-auth": {
      "get": {
        "summary": "GET /auth/check-auth",
        "responses": {
          "200": {
            "description": "Success",
            "content": {
              "application/json": {
                "schema": {
                  "type": "object",
                  "properties": {
                    "success": {
                      "type": "boolean"
                    },
                    "message": {
                      "type": "string"
                    }
                  }
                }
              }
            }
          },
          "400": {
            "description": "Bad Request"
          },
          "500": {
            "description": "Server Error"
          }
        }
      }
    },
    "/auth/become-instructor": {
      "post": {
        "summary": "POST /auth/become-instructor",
        "responses": {
          "200": {
            "description": "Success",
            "content": {
              "application/json": {
                "schema": {
                  "type": "object",
                  "properties": {
                    "success": {
                      "type": "boolean"
                    },
                    "message": {
                      "type": "string"
                    }
                  }
                }
              }
            }
          },
          "400": {
            "description": "Bad Request"
          },
          "500": {
            "description": "Server Error"
          }
        }
      }
    },
    "/media/upload": {
      "post": {
        "summary": "POST /media/upload",
        "responses": {
          "200": {
            "description": "Success",
            "content": {
              "application/json": {
                "schema": {
                  "type": "object",
                  "properties": {
                    "success": {
                      "type": "boolean"
                    },
                    "message": {
                      "type": "string"
                    }
                  }
                }
              }
            }
          },
          "400": {
            "description": "Bad Request"
          },
          "500": {
            "description": "Server Error"
          }
        }
      }
    },
    "/media/delete/{key}": {
      "delete": {
        "summary": "DELETE /media/delete/{key}",
        "responses": {
          "200": {
            "description": "Success",
            "content": {
              "application/json": {
                "schema": {
                  "type": "object",
                  "properties": {
                    "success": {
                      "type": "boolean"
                    },
                    "message": {
                      "type": "string"
                    }
                  }
                }
              }
            }
          },
          "400": {
            "description": "Bad Request"
          },
          "500": {
            "description": "Server Error"
          }
        },
        "parameters": [
          {
            "name": "key",
            "in": "path",
            "required": true,
            "schema": {
              "type": "string"
            }
          }
        ]
      }
    },
    "/media/bulk-upload": {
      "post": {
        "summary": "POST /media/bulk-upload",
        "responses": {
          "200": {
            "description": "Success",
            "content": {
              "application/json": {
                "schema": {
                  "type": "object",
                  "properties": {
                    "success": {
                      "type": "boolean"
                    },
                    "message": {
                      "type": "string"
                    }
                  }
                }
              }
            }
          },
          "400": {
            "description": "Bad Request"
          },
          "500": {
            "description": "Server Error"
          }
        }
      }
    },
    "/instructor/course/get": {
      "get": {
        "summary": "GET /instructor/course/get",
        "responses": {
          "200": {
            "description": "Success",
            "content": {
              "application/json": {
                "schema": {
                  "type": "object",
                  "properties": {
                    "success": {
                      "type": "boolean"
                    },
                    "message": {
                      "type": "string"
                    }
                  }
                }
              }
            }
          },
          "400": {
            "description": "Bad Request"
          },
          "500": {
            "description": "Server Error"
          }
        }
      }
    },
    "/instructor/course/add": {
      "post": {
        "summary": "POST /instructor/course/add",
        "responses": {
          "200": {
            "description": "Success",
            "content": {
              "application/json": {
                "schema": {
                  "type": "object",
                  "properties": {
                    "success": {
                      "type": "boolean"
                    },
                    "message": {
                      "type": "string"
                    }
                  }
                }
              }
            }
          },
          "400": {
            "description": "Bad Request"
          },
          "500": {
            "description": "Server Error"
          }
        }
      }
    },
    "/instructor/course/get/details/{id}": {
      "get": {
        "summary": "GET /instructor/course/get/details/{id}",
        "responses": {
          "200": {
            "description": "Success",
            "content": {
              "application/json": {
                "schema": {
                  "type": "object",
                  "properties": {
                    "success": {
                      "type": "boolean"
                    },
                    "message": {
                      "type": "string"
                    }
                  }
                }
              }
            }
          },
          "400": {
            "description": "Bad Request"
          },
          "500": {
            "description": "Server Error"
          }
        },
        "parameters": [
          {
            "name": "id",
            "in": "path",
            "required": true,
            "schema": {
              "type": "string"
            }
          }
        ]
      }
    },
    "/instructor/course/update/{id}": {
      "put": {
        "summary": "PUT /instructor/course/update/{id}",
        "responses": {
          "200": {
            "description": "Success",
            "content": {
              "application/json": {
                "schema": {
                  "type": "object",
                  "properties": {
                    "success": {
                      "type": "boolean"
                    },
                    "message": {
                      "type": "string"
                    }
                  }
                }
              }
            }
          },
          "400": {
            "description": "Bad Request"
          },
          "500": {
            "description": "Server Error"
          }
        },
        "parameters": [
          {
            "name": "id",
            "in": "path",
            "required": true,
            "schema": {
              "type": "string"
            }
          }
        ]
      }
    },
    "/student/course/get": {
      "get": {
        "summary": "GET /student/course/get",
        "responses": {
          "200": {
            "description": "Success",
            "content": {
              "application/json": {
                "schema": {
                  "type": "object",
                  "properties": {
                    "success": {
                      "type": "boolean"
                    },
                    "message": {
                      "type": "string"
                    }
                  }
                }
              }
            }
          },
          "400": {
            "description": "Bad Request"
          },
          "500": {
            "description": "Server Error"
          }
        }
      }
    },
    "/student/course/get/details/{courseId}": {
      "get": {
        "summary": "GET /student/course/get/details/{courseId}",
        "responses": {
          "200": {
            "description": "Success",
            "content": {
              "application/json": {
                "schema": {
                  "type": "object",
                  "properties": {
                    "success": {
                      "type": "boolean"
                    },
                    "message": {
                      "type": "string"
                    }
                  }
                }
              }
            }
          },
          "400": {
            "description": "Bad Request"
          },
          "500": {
            "description": "Server Error"
          }
        },
        "parameters": [
          {
            "name": "courseId",
            "in": "path",
            "required": true,
            "schema": {
              "type": "string"
            }
          }
        ]
      }
    },
    "/student/course/purchase-info/{courseId}/{studentId}": {
      "get": {
        "summary": "GET /student/course/purchase-info/{courseId}/{studentId}",
        "responses": {
          "200": {
            "description": "Success",
            "content": {
              "application/json": {
                "schema": {
                  "type": "object",
                  "properties": {
                    "success": {
                      "type": "boolean"
                    },
                    "message": {
                      "type": "string"
                    }
                  }
                }
              }
            }
          },
          "400": {
            "description": "Bad Request"
          },
          "500": {
            "description": "Server Error"
          }
        },
        "parameters": [
          {
            "name": "courseId",
            "in": "path",
            "required": true,
            "schema": {
              "type": "string"
            }
          },
          {
            "name": "studentId",
            "in": "path",
            "required": true,
            "schema": {
              "type": "string"
            }
          }
        ]
      }
    },
    "/student/order/create": {
      "post": {
        "summary": "POST /student/order/create",
        "responses": {
          "200": {
            "description": "Success",
            "content": {
              "application/json": {
                "schema": {
                  "type": "object",
                  "properties": {
                    "success": {
                      "type": "boolean"
                    },
                    "message": {
                      "type": "string"
                    }
                  }
                }
              }
            }
          },
          "400": {
            "description": "Bad Request"
          },
          "500": {
            "description": "Server Error"
          }
        }
      }
    },
    "/student/order/capture": {
      "post": {
        "summary": "POST /student/order/capture",
        "responses": {
          "200": {
            "description": "Success",
            "content": {
              "application/json": {
                "schema": {
                  "type": "object",
                  "properties": {
                    "success": {
                      "type": "boolean"
                    },
                    "message": {
                      "type": "string"
                    }
                  }
                }
              }
            }
          },
          "400": {
            "description": "Bad Request"
          },
          "500": {
            "description": "Server Error"
          }
        }
      }
    },
    "/student/courses-bought/get/{studentId}": {
      "get": {
        "summary": "GET /student/courses-bought/get/{studentId}",
        "responses": {
          "200": {
            "description": "Success",
            "content": {
              "application/json": {
                "schema": {
                  "type": "object",
                  "properties": {
                    "success": {
                      "type": "boolean"
                    },
                    "message": {
                      "type": "string"
                    }
                  }
                }
              }
            }
          },
          "400": {
            "description": "Bad Request"
          },
          "500": {
            "description": "Server Error"
          }
        },
        "parameters": [
          {
            "name": "studentId",
            "in": "path",
            "required": true,
            "schema": {
              "type": "string"
            }
          }
        ]
      }
    },
    "/student/course-progress/get/{userId}/{courseId}": {
      "get": {
        "summary": "GET /student/course-progress/get/{userId}/{courseId}",
        "responses": {
          "200": {
            "description": "Success",
            "content": {
              "application/json": {
                "schema": {
                  "type": "object",
                  "properties": {
                    "success": {
                      "type": "boolean"
                    },
                    "message": {
                      "type": "string"
                    }
                  }
                }
              }
            }
          },
          "400": {
            "description": "Bad Request"
          },
          "500": {
            "description": "Server Error"
          }
        },
        "parameters": [
          {
            "name": "userId",
            "in": "path",
            "required": true,
            "schema": {
              "type": "string"
            }
          },
          {
            "name": "courseId",
            "in": "path",
            "required": true,
            "schema": {
              "type": "string"
            }
          }
        ]
      }
    },
    "/student/course-progress/mark-lecture-viewed": {
      "post": {
        "summary": "POST /student/course-progress/mark-lecture-viewed",
        "responses": {
          "200": {
            "description": "Success",
            "content": {
              "application/json": {
                "schema": {
                  "type": "object",
                  "properties": {
                    "success": {
                      "type": "boolean"
                    },
                    "message": {
                      "type": "string"
                    }
                  }
                }
              }
            }
          },
          "400": {
            "description": "Bad Request"
          },
          "500": {
            "description": "Server Error"
          }
        }
      }
    },
    "/student/course-progress/reset-progress": {
      "post": {
        "summary": "POST /student/course-progress/reset-progress",
        "responses": {
          "200": {
            "description": "Success",
            "content": {
              "application/json": {
                "schema": {
                  "type": "object",
                  "properties": {
                    "success": {
                      "type": "boolean"
                    },
                    "message": {
                      "type": "string"
                    }
                  }
                }
              }
            }
          },
          "400": {
            "description": "Bad Request"
          },
          "500": {
            "description": "Server Error"
          }
        }
      }
    }
  }
}